<?xml version="1.0" encoding="UTF-8" standalone="no"?>

<manifest identifier="Course_ID1" version="1.3"
	  xmlns="http://www.imsglobal.org/xsd/imscp_v1p1"
	  xmlns:xsi="http://www.w3.org/2001/XMLSchema-instance"
	  xmlns:adlcp="http://www.adlnet.org/xsd/adlcp_v1p3"
	  xmlns:adlseq="http://www.adlnet.org/xsd/adlseq_v1p3"
	  xmlns:adlnav="http://www.adlnet.org/xsd/adlnav_v1p3"
	  xmlns:imsss="http://www.imsglobal.org/xsd/imsss"
	  xsi:schemaLocation="http://www.imsglobal.org/xsd/imscp_v1p1 imscp_v1p1.xsd
						  http://www.adlnet.org/xsd/adlcp_v1p3 adlcp_v1p3.xsd
						  http://www.adlnet.org/xsd/adlseq_v1p3 adlseq_v1p3.xsd
						  http://www.adlnet.org/xsd/adlnav_v1p3 adlnav_v1p3.xsd
						  http://www.imsglobal.org/xsd/imsss imsss_v1p0.xsd">

	<metadata>
		<schema>ADL SCORM</schema>
		<schemaversion>2004 3rd Edition</schemaversion>
		<adlcp:location>metadata.xml</adlcp:location>
	</metadata>
	
	
	<organizations default="Course_ID1_ORG">
		<organization identifier="Course_ID1_ORG">
			<!--****** Title ******-->
			<title>Captivate E-Learning Course</title>
			<item identifier="SCO_ID1" identifierref="SCO_ID1_RES" isvisible="true">
				<!--****** Title ******-->
				<title>Course Object title</title>
				<metadata>
					<lom xmlns="http://ltsc.ieee.org/xsd/LOM" xmlns:xsi="http://www.w3.org/2001/XMLSchema-instance" xsi:schemaLocation="http://ltsc.ieee.org/xsd/LOM lom.xsd">
						<general>
							<description>
				  				<string language="en-us">Training for using MathXL Dashboard.</string> 
				  			</description>
						</general>
					</lom>
				</metadata>
				<imsss:sequencing>
				<imsss:objectives>
					        <imsss:primaryObjective objectiveID="Quiz_MathXLDashboard"/>
				</imsss:objectives>
					<imsss:deliveryControls tracked="true" completionSetByContent="true" objectiveSetByContent="true"/>
				</imsss:sequencing>
			</item>
			<metadata>
				<adlcp:location>metadata.xml</adlcp:location>
			</metadata>			
	<imsss:sequencing>
				<imsss:controlMode choice="true" flow="true"/>
                <imsss:rollupRules>
                    <imsss:rollupRule childActivitySet="all">
                        <imsss:rollupConditions>
                            <imsss:rollupCondition condition="satisfied"/>
                        </imsss:rollupConditions>
                        <imsss:rollupAction action="satisfied"/>
                    </imsss:rollupRule>
                    <imsss:rollupRule childActivitySet="all">
                        <imsss:rollupConditions>
                            <imsss:rollupCondition operator="not" condition="satisfied"/>
                        </imsss:rollupConditions>
                        <imsss:rollupAction action="notSatisfied"/>
                    </imsss:rollupRule>
                    <imsss:rollupRule childActivitySet="all">
                        <imsss:rollupConditions>
                            <imsss:rollupCondition condition="completed"/>
                        </imsss:rollupConditions>
                        <imsss:rollupAction action="completed"/>
                    </imsss:rollupRule>
                    <imsss:rollupRule childActivitySet="all">
                        <imsss:rollupConditions>
                            <imsss:rollupCondition operator="not" condition="completed"/>
                        </imsss:rollupConditions>
                        <imsss:rollupAction action="incomplete"/>
                    </imsss:rollupRule>
                </imsss:rollupRules>
			</imsss:sequencing>
		</organization>
	</organizations>
	<resources>
		<resource adlcp:scormType="sco" identifier="SCO_ID1_RES" type="webcontent" href="index_SCORM.html">
			<metadata>
				<adlcp:location>metadata.xml</adlcp:location>
			</metadata>
			
			<file href="ar/11854.mp3"></file>
			<file href="index_SCORM.html"></file>
			<file href="scormdriver.js"/>
			<file href="browsersniff.js"/>
			
<file href="ar/12592.mp3"/> 
<file href="ar/12612.mp3"/> 
<file href="ar/12621.mp3"/> 
<file href="ar/12623.mp3"/> 
<file href="ar/12674.mp3"/> 
<file href="ar/6553.mp3"/> 
<file href="ar/6555.mp3"/> 
<file href="ar/6557.mp3"/> 
<file href="ar/Mouse.mp3"/> 
<file href="assets/TOC_icons/collapseIcon.png"/> 
<file href="assets/TOC_icons/expandIcon.png"/> 
<file href="assets/TOC_icons/photo.png"/> 
<file href="assets/css/CPLibraryAll.css"/> 
<file href="assets/css/start/images/animated-overlay.gif"/> 
<file href="assets/css/start/images/ui-bg_flat_55_999999_40x100.png"/> 
<file href="assets/css/start/images/ui-bg_flat_75_aaaaaa_40x100.png"/> 
<file href="assets/css/start/images/ui-bg_glass_45_0078ae_1x400.png"/> 
<file href="assets/css/start/images/ui-bg_glass_55_f8da4e_1x400.png"/> 
<file href="assets/css/start/images/ui-bg_glass_75_79c9ec_1x400.png"/> 
<file href="assets/css/start/images/ui-bg_gloss-wave_45_e14f1c_500x100.png"/> 
<file href="assets/css/start/images/ui-bg_gloss-wave_50_6eac2c_500x100.png"/> 
<file href="assets/css/start/images/ui-bg_gloss-wave_75_2191c0_500x100.png"/> 
<file href="assets/css/start/images/ui-bg_inset-hard_100_fcfdfd_1x100.png"/> 
<file href="assets/css/start/images/ui-icons_0078ae_256x240.png"/> 
<file href="assets/css/start/images/ui-icons_056b93_256x240.png"/> 
<file href="assets/css/start/images/ui-icons_d8e7f3_256x240.png"/> 
<file href="assets/css/start/images/ui-icons_e0fdff_256x240.png"/> 
<file href="assets/css/start/images/ui-icons_f5e175_256x240.png"/> 
<file href="assets/css/start/images/ui-icons_f7a50d_256x240.png"/> 
<file href="assets/css/start/images/ui-icons_fcd113_256x240.png"/> 
<file href="assets/css/start/jquery-ui-1.10.4.custom.css"/> 
<file href="assets/css/start/jquery-ui-1.10.4.custom.min.css"/> 
<file href="assets/htmlimages/Pause.gif"/> 
<file href="assets/htmlimages/Pause2x.gif"/> 
<file href="assets/htmlimages/Play.gif"/> 
<file href="assets/htmlimages/Play2x.gif"/> 
<file href="assets/htmlimages/Play_icon.png"/> 
<file href="assets/htmlimages/arrow_right.gif"/> 
<file href="assets/htmlimages/ccClose.png"/> 
<file href="assets/htmlimages/checkBox_disabled.png"/> 
<file href="assets/htmlimages/checkBox_normal.png"/> 
<file href="assets/htmlimages/checkBox_selected.png"/> 
<file href="assets/htmlimages/checkBox_selectedDisabled.png"/> 
<file href="assets/htmlimages/closeReviewButton.png"/> 
<file href="assets/htmlimages/correct_answer_normal.png"/> 
<file href="assets/htmlimages/correct_answer_small.png"/> 
<file href="assets/htmlimages/correct_question_normal.png"/> 
<file href="assets/htmlimages/correct_question_small.png"/> 
<file href="assets/htmlimages/dd_arrow.png"/> 
<file href="assets/htmlimages/gesturemobileicon.png"/> 
<file href="assets/htmlimages/gesturemobileicon@2x.png"/> 
<file href="assets/htmlimages/gesturemobileimage2.png"/> 
<file href="assets/htmlimages/gesturemobilelandscape.png"/> 
<file href="assets/htmlimages/gesturetabletimage.png"/> 
<file href="assets/htmlimages/hotspot.gif"/> 
<file href="assets/htmlimages/hotspot_correct_answer_normal.png"/> 
<file href="assets/htmlimages/hotspot_incorrect_answer_normal.png"/> 
<file href="assets/htmlimages/img_trans.gif"/> 
<file href="assets/htmlimages/incorrect_answer_normal.png"/> 
<file href="assets/htmlimages/incorrect_answer_small.png"/> 
<file href="assets/htmlimages/incorrect_question_normal.png"/> 
<file href="assets/htmlimages/incorrect_question_small.png"/> 
<file href="assets/htmlimages/loader.gif"/> 
<file href="assets/htmlimages/loader_transparent.gif"/> 
<file href="assets/htmlimages/movieexpire.png"/> 
<file href="assets/htmlimages/partial_correct_question_normal.png"/> 
<file href="assets/htmlimages/partial_correct_question_small.png"/> 
<file href="assets/htmlimages/placeholder.png"/> 
<file href="assets/htmlimages/radioButton_disabled.png"/> 
<file href="assets/htmlimages/radioButton_normal.png"/> 
<file href="assets/htmlimages/radioButton_selected.png"/> 
<file href="assets/htmlimages/radioButton_selectedDisabled.png"/> 
<file href="assets/htmlimages/sequenceReview.png"/> 
<file href="assets/htmlimages/skip_answer_normal.png"/> 
<file href="assets/htmlimages/skip_answer_small.png"/> 
<file href="assets/htmlimages/skip_question_normal.png"/> 
<file href="assets/htmlimages/skip_question_small.png"/> 
<file href="assets/htmlimages/toc.png"/> 
<file href="assets/htmlimages/vidbg.png"/> 
<file href="assets/htmlimages/vidfullscreen.png"/> 
<file href="assets/htmlimages/vidpause.png"/> 
<file href="assets/htmlimages/vidplay.png"/> 
<file href="assets/htmlimages/vidrewind.png"/> 
<file href="assets/htmlimages/vidslider.png"/> 
<file href="assets/htmlimages/vidstop.png"/> 
<file href="assets/htmlimages/vidvolume.png"/> 
<file href="assets/htmlimages/vidvolume2.png"/> 
<file href="assets/htmlimages/vidvolumemute.png"/> 
<file href="assets/js/CPM.js"/> 
<file href="assets/js/CPXHRLoader.js"/> 
<file href="assets/js/jquery-1.6.1.min.js"/> 
<file href="assets/playbar/PlaybarIcons/AudioOff.png"/> 
<file href="assets/playbar/PlaybarIcons/AudioOn.png"/> 
<file href="assets/playbar/PlaybarIcons/BackGround.png"/> 
<file href="assets/playbar/PlaybarIcons/Backward.png"/> 
<file href="assets/playbar/PlaybarIcons/CC.png"/> 
<file href="assets/playbar/PlaybarIcons/Color.png"/> 
<file href="assets/playbar/PlaybarIcons/ColorSmall.png"/> 
<file href="assets/playbar/PlaybarIcons/Exit.png"/> 
<file href="assets/playbar/PlaybarIcons/FastForward.png"/> 
<file href="assets/playbar/PlaybarIcons/FastForward1.png"/> 
<file href="assets/playbar/PlaybarIcons/FastForward2.png"/> 
<file href="assets/playbar/PlaybarIcons/Forward.png"/> 
<file href="assets/playbar/PlaybarIcons/Glow.png"/> 
<file href="assets/playbar/PlaybarIcons/GlowSmall.png"/> 
<file href="assets/playbar/PlaybarIcons/Height.png"/> 
<file href="assets/playbar/PlaybarIcons/InnerStroke.png"/> 
<file href="assets/playbar/PlaybarIcons/InnerStrokeSmall.png"/> 
<file href="assets/playbar/PlaybarIcons/Pause.png"/> 
<file href="assets/playbar/PlaybarIcons/Play.png"/> 
<file href="assets/playbar/PlaybarIcons/Progress.png"/> 
<file href="assets/playbar/PlaybarIcons/Rewind.png"/> 
<file href="assets/playbar/PlaybarIcons/Shade.png"/> 
<file href="assets/playbar/PlaybarIcons/ShadeSmall.png"/> 
<file href="assets/playbar/PlaybarIcons/Stroke.png"/> 
<file href="assets/playbar/PlaybarIcons/StrokeSmall.png"/> 
<file href="assets/playbar/PlaybarIcons/TOC.png"/> 
<file href="assets/playbar/PlaybarIcons/Thumb.png"/> 
<file href="assets/playbar/PlaybarIcons/ThumbBase.png"/> 
<file href="assets/playbar/playbarScript.js"/> 
<file href="assets/toc/tocIcons/blankBookmark.png"/> 
<file href="assets/toc/tocIcons/clear.png"/> 
<file href="assets/toc/tocIcons/expander.png"/> 
<file href="assets/toc/tocIcons/fullBookmark.png"/> 
<file href="assets/toc/tocIcons/go.png"/> 
<file href="assets/toc/tocIcons/infoClose.png"/> 
<file href="assets/toc/tocIcons/moreinfo.png"/> 
<file href="assets/toc/tocIcons/searchBtnNormal.png"/> 
<file href="assets/toc/tocIcons/searchBtnSelect.png"/> 
<file href="assets/toc/tocIcons/visited.png"/> 
<file href="dr/10747_868_183.png"/> 
<file href="dr/11961_597_269.png"/> 
<file href="dr/12625_97_95.png"/> 
<file href="dr/12664_87_73.png"/> 
<file href="dr/4375.png"/> 
<file href="dr/4380.png"/> 
<file href="dr/4385.png"/> 
<file href="dr/6436_870_523.png"/> 
<file href="dr/6436_881_578.png"/> 
<file href="dr/6436_882_550.png"/> 
<file href="dr/6436_884_597.png"/> 
<file href="dr/6436_885_601.png"/> 
<file href="dr/6436_886_598.png"/> 
<file href="dr/6436_887_597.png"/> 
<file href="dr/6436_942_702.png"/> 
<file href="dr/8778_235_198.png"/> 
<file href="dr/8782_235_198.png"/> 
<file href="dr/8994_107_73.png"/> 
<file href="dr/8994_57_67.png"/> 
<file href="dr/8994_59_49.png"/> 
<file href="dr/8994_70_46.png"/> 
<file href="dr/8994_81_74.png"/> 
<file href="dr/8994_89_72.png"/> 
<file href="dr/Button_17.png"/> 
<file href="dr/Button_17d.png"/> 
<file href="dr/Button_17o.png"/> 
<file href="dr/Button_18.png"/> 
<file href="dr/Button_18d.png"/> 
<file href="dr/Button_18o.png"/> 
<file href="dr/Button_19.png"/> 
<file href="dr/Button_19d.png"/> 
<file href="dr/Button_19o.png"/> 
<file href="dr/Button_20.png"/> 
<file href="dr/Button_20d.png"/> 
<file href="dr/Button_20o.png"/> 
<file href="dr/Button_21.png"/> 
<file href="dr/Button_21d.png"/> 
<file href="dr/Button_21o.png"/> 
<file href="dr/Button_24.png"/> 
<file href="dr/Button_24d.png"/> 
<file href="dr/Button_24o.png"/> 
<file href="dr/Button_25.png"/> 
<file href="dr/Button_25d.png"/> 
<file href="dr/Button_25o.png"/> 
<file href="dr/Button_26.png"/> 
<file href="dr/Button_26d.png"/> 
<file href="dr/Button_26o.png"/> 
<file href="dr/Button_39.png"/> 
<file href="dr/Button_39d.png"/> 
<file href="dr/Button_39o.png"/> 
<file href="dr/Button_40.png"/> 
<file href="dr/Button_40d.png"/> 
<file href="dr/Button_40o.png"/> 
<file href="dr/Button_41.png"/> 
<file href="dr/Button_42.png"/> 
<file href="dr/Button_43.png"/> 
<file href="dr/Slide10129_thnail.jpg"/> 
<file href="dr/Slide10130_thnail.jpg"/> 
<file href="dr/Slide10923_thnail.jpg"/> 
<file href="dr/Slide11094_thnail.jpg"/> 
<file href="dr/Slide11265_thnail.jpg"/> 
<file href="dr/Slide11436_thnail.jpg"/> 
<file href="dr/Slide11613_thnail.jpg"/> 
<file href="dr/Slide11789_thnail.jpg"/> 
<file href="dr/Slide4392_thnail.jpg"/> 
<file href="dr/Slide4404_thnail.jpg"/> 
<file href="dr/Slide4416_thnail.jpg"/> 
<file href="dr/Slide6502_thnail.jpg"/> 
<file href="dr/Slide6803_thnail.jpg"/> 
<file href="dr/Slide6926_thnail.jpg"/> 
<file href="dr/Slide7049_thnail.jpg"/> 
<file href="dr/Slide7172_thnail.jpg"/> 
<file href="dr/Slide7295_thnail.jpg"/> 
<file href="dr/Slide7418_thnail.jpg"/> 
<file href="dr/Slide7541_thnail.jpg"/> 
<file href="dr/Slide7664_thnail.jpg"/> 
<file href="dr/Slide8509_thnail.jpg"/> 
<file href="dr/Slide8620_thnail.jpg"/> 
<file href="dr/Slide8977_thnail.jpg"/> 
<file href="dr/Slide9060_thnail.jpg"/> 
<file href="dr/Slide9618_thnail.jpg"/> 
<file href="dr/Slide9849_thnail.jpg"/> 
<file href="dr/SubTitle_AutoShape_3.png"/> 
<file href="dr/SubTitle_AutoShape_4.png"/> 
<file href="dr/SubTitle_AutoShape_5.png"/> 
<file href="dr/SubTitle_AutoShape_6.png"/> 
<file href="dr/Success_Caption_10.png"/> 
<file href="dr/Success_Caption_11.png"/> 
<file href="dr/Success_Caption_12.png"/> 
<file href="dr/Success_Caption_13.png"/> 
<file href="dr/Success_Caption_14.png"/> 
<file href="dr/Success_Caption_15.png"/> 
<file href="dr/Success_Caption_16.png"/> 
<file href="dr/Success_Caption_17.png"/> 
<file href="dr/Success_Caption_18.png"/> 
<file href="dr/Success_Caption_19.png"/> 
<file href="dr/Success_Caption_20.png"/> 
<file href="dr/Success_Caption_21.png"/> 
<file href="dr/Success_Caption_22.png"/> 
<file href="dr/Success_Caption_23.png"/> 
<file href="dr/Success_Caption_24.png"/> 
<file href="dr/Success_Caption_25.png"/> 
<file href="dr/Success_Caption_26.png"/> 
<file href="dr/Success_Caption_27.png"/> 
<file href="dr/Success_Caption_28.png"/> 
<file href="dr/Success_Caption_29.png"/> 
<file href="dr/Success_Caption_30.png"/> 
<file href="dr/Success_Caption_31.png"/> 
<file href="dr/Success_Caption_32.png"/> 
<file href="dr/Success_Caption_33.png"/> 
<file href="dr/Success_Caption_34.png"/> 
<file href="dr/Success_Caption_35.png"/> 
<file href="dr/Success_Caption_36.png"/> 
<file href="dr/Success_Caption_37.png"/> 
<file href="dr/Success_Caption_38.png"/> 
<file href="dr/Success_Caption_39.png"/> 
<file href="dr/Success_Caption_40.png"/> 
<file href="dr/Success_Caption_41.png"/> 
<file href="dr/Success_Caption_42.png"/> 
<file href="dr/Success_Caption_43.png"/> 
<file href="dr/Success_Caption_44.png"/> 
<file href="dr/Success_Caption_45.png"/> 
<file href="dr/Success_Caption_46.png"/> 
<file href="dr/Success_Caption_47.png"/> 
<file href="dr/Success_Caption_48.png"/> 
<file href="dr/Success_Caption_49.png"/> 
<file href="dr/Success_Caption_5.png"/> 
<file href="dr/Success_Caption_6.png"/> 
<file href="dr/Success_Caption_7.png"/> 
<file href="dr/Success_Caption_8.png"/> 
<file href="dr/Success_Caption_9.png"/> 
<file href="dr/Text_Caption_20.png"/> 
<file href="dr/Text_Caption_21.png"/> 
<file href="dr/Text_Caption_22.png"/> 
<file href="dr/Text_Caption_23.png"/> 
<file href="dr/Text_Caption_24.png"/> 
<file href="dr/Text_Caption_25.png"/> 
<file href="dr/Text_Caption_26.png"/> 
<file href="dr/Text_Caption_27.png"/> 
<file href="dr/Text_Caption_28.png"/> 
<file href="dr/Text_Caption_29.png"/> 
<file href="dr/Text_Caption_30.png"/> 
<file href="dr/Text_Caption_31.png"/> 
<file href="dr/Text_Caption_32.png"/> 
<file href="dr/Text_Caption_33.png"/> 
<file href="dr/Text_Caption_34.png"/> 
<file href="dr/Text_Caption_35.png"/> 
<file href="dr/Text_Caption_61.png"/> 
<file href="dr/Text_Caption_62.png"/> 
<file href="dr/Text_Caption_63.png"/> 
<file href="dr/Text_Caption_64.png"/> 
<file href="dr/Text_Caption_65.png"/> 
<file href="dr/Text_Caption_66.png"/> 
<file href="dr/Text_Caption_74.png"/> 
<file href="dr/Title_AutoShape_4.png"/> 
<file href="dr/Title_AutoShape_5.png"/> 
<file href="dr/Title_AutoShape_6.png"/> 
<file href="dr/Title_AutoShape_7.png"/> 
<file href="dr/Title_AutoShape_8.png"/> 
<file href="dr/loading.gif"/> 
<file href="dr/si10156.png"/> 
<file href="dr/si10239.png"/> 
<file href="dr/si10239d.png"/> 
<file href="dr/si10239o.png"/> 
<file href="dr/si10780.png"/> 
<file href="dr/si10885.png"/> 
<file href="dr/si10885d.png"/> 
<file href="dr/si10885o.png"/> 
<file href="dr/si10913.png"/> 
<file href="dr/si10913d.png"/> 
<file href="dr/si10913o.png"/> 
<file href="dr/si10951.png"/> 
<file href="dr/si11084.png"/> 
<file href="dr/si11084d.png"/> 
<file href="dr/si11084o.png"/> 
<file href="dr/si11122.png"/> 
<file href="dr/si11255.png"/> 
<file href="dr/si11255d.png"/> 
<file href="dr/si11255o.png"/> 
<file href="dr/si11293.png"/> 
<file href="dr/si11426.png"/> 
<file href="dr/si11426d.png"/> 
<file href="dr/si11426o.png"/> 
<file href="dr/si12056.png"/> 
<file href="dr/si12056d.png"/> 
<file href="dr/si12056o.png"/> 
<file href="dr/si12070.png"/> 
<file href="dr/si12070d.png"/> 
<file href="dr/si12070o.png"/> 
<file href="dr/si12084.png"/> 
<file href="dr/si12084d.png"/> 
<file href="dr/si12084o.png"/> 
<file href="dr/si12098.png"/> 
<file href="dr/si12098d.png"/> 
<file href="dr/si12098o.png"/> 
<file href="dr/si12112.png"/> 
<file href="dr/si12112d.png"/> 
<file href="dr/si12112o.png"/> 
<file href="dr/si12126.png"/> 
<file href="dr/si12126d.png"/> 
<file href="dr/si12126o.png"/> 
<file href="dr/si12140.png"/> 
<file href="dr/si12140d.png"/> 
<file href="dr/si12140o.png"/> 
<file href="dr/si12154.png"/> 
<file href="dr/si12154d.png"/> 
<file href="dr/si12154o.png"/> 
<file href="dr/si12168.png"/> 
<file href="dr/si12168d.png"/> 
<file href="dr/si12168o.png"/> 
<file href="dr/si12182.png"/> 
<file href="dr/si12182d.png"/> 
<file href="dr/si12182o.png"/> 
<file href="dr/si12196.png"/> 
<file href="dr/si12196d.png"/> 
<file href="dr/si12196o.png"/> 
<file href="dr/si12210.png"/> 
<file href="dr/si12210d.png"/> 
<file href="dr/si12210o.png"/> 
<file href="dr/si12224.png"/> 
<file href="dr/si12224d.png"/> 
<file href="dr/si12224o.png"/> 
<file href="dr/si12238.png"/> 
<file href="dr/si12238d.png"/> 
<file href="dr/si12238o.png"/> 
<file href="dr/si12252.png"/> 
<file href="dr/si12252d.png"/> 
<file href="dr/si12252o.png"/> 
<file href="dr/si12266.png"/> 
<file href="dr/si12266d.png"/> 
<file href="dr/si12266o.png"/> 
<file href="dr/si12280.png"/> 
<file href="dr/si12280d.png"/> 
<file href="dr/si12280o.png"/> 
<file href="dr/si12294.png"/> 
<file href="dr/si12294d.png"/> 
<file href="dr/si12294o.png"/> 
<file href="dr/si12308.png"/> 
<file href="dr/si12308d.png"/> 
<file href="dr/si12308o.png"/> 
<file href="dr/si12322.png"/> 
<file href="dr/si12322d.png"/> 
<file href="dr/si12322o.png"/> 
<file href="dr/si12336.png"/> 
<file href="dr/si12336d.png"/> 
<file href="dr/si12336o.png"/> 
<file href="dr/si12350.png"/> 
<file href="dr/si12350d.png"/> 
<file href="dr/si12350o.png"/> 
<file href="dr/si12364.png"/> 
<file href="dr/si12364d.png"/> 
<file href="dr/si12364o.png"/> 
<file href="dr/si12378.png"/> 
<file href="dr/si12378d.png"/> 
<file href="dr/si12378o.png"/> 
<file href="dr/si12392.png"/> 
<file href="dr/si12392d.png"/> 
<file href="dr/si12392o.png"/> 
<file href="dr/si12406.png"/> 
<file href="dr/si12406d.png"/> 
<file href="dr/si12406o.png"/> 
<file href="dr/si12420.png"/> 
<file href="dr/si12420d.png"/> 
<file href="dr/si12420o.png"/> 
<file href="dr/si12434.png"/> 
<file href="dr/si12434d.png"/> 
<file href="dr/si12434o.png"/> 
<file href="dr/si12448.png"/> 
<file href="dr/si12448d.png"/> 
<file href="dr/si12448o.png"/> 
<file href="dr/si12462.png"/> 
<file href="dr/si12462d.png"/> 
<file href="dr/si12462o.png"/> 
<file href="dr/si12476.png"/> 
<file href="dr/si12476d.png"/> 
<file href="dr/si12476o.png"/> 
<file href="dr/si12490.png"/> 
<file href="dr/si12490d.png"/> 
<file href="dr/si12490o.png"/> 
<file href="dr/si12504.png"/> 
<file href="dr/si12504d.png"/> 
<file href="dr/si12504o.png"/> 
<file href="dr/si12518.png"/> 
<file href="dr/si12518d.png"/> 
<file href="dr/si12518o.png"/> 
<file href="dr/si12532.png"/> 
<file href="dr/si12532d.png"/> 
<file href="dr/si12532o.png"/> 
<file href="dr/si12546.png"/> 
<file href="dr/si12546d.png"/> 
<file href="dr/si12546o.png"/> 
<file href="dr/si12560.png"/> 
<file href="dr/si12560d.png"/> 
<file href="dr/si12560o.png"/> 
<file href="dr/si12574.png"/> 
<file href="dr/si12574d.png"/> 
<file href="dr/si12574o.png"/> 
<file href="dr/si12645.png"/> 
<file href="dr/si12645d.png"/> 
<file href="dr/si12645o.png"/> 
<file href="dr/si6829.png"/> 
<file href="dr/si6912.png"/> 
<file href="dr/si6912d.png"/> 
<file href="dr/si6912o.png"/> 
<file href="dr/si6952.png"/> 
<file href="dr/si7035.png"/> 
<file href="dr/si7035d.png"/> 
<file href="dr/si7035o.png"/> 
<file href="dr/si7075.png"/> 
<file href="dr/si7158.png"/> 
<file href="dr/si7158d.png"/> 
<file href="dr/si7158o.png"/> 
<file href="dr/si7198.png"/> 
<file href="dr/si7281.png"/> 
<file href="dr/si7281d.png"/> 
<file href="dr/si7281o.png"/> 
<file href="dr/si7321.png"/> 
<file href="dr/si7404.png"/> 
<file href="dr/si7404d.png"/> 
<file href="dr/si7404o.png"/> 
<file href="dr/si7444.png"/> 
<file href="dr/si7527.png"/> 
<file href="dr/si7527d.png"/> 
<file href="dr/si7527o.png"/> 
<file href="dr/si7567.png"/> 
<file href="dr/si7650.png"/> 
<file href="dr/si7650d.png"/> 
<file href="dr/si7650o.png"/> 
<file href="dr/si7674.png"/> 
<file href="dr/si7697.png"/> 
<file href="dr/si7705.png"/> 
<file href="dr/si7713.png"/> 
<file href="dr/si7733.png"/> 
<file href="dr/si7733d.png"/> 
<file href="dr/si7733o.png"/> 
<file href="dr/si7747.png"/> 
<file href="dr/si7747d.png"/> 
<file href="dr/si7747o.png"/> 
<file href="dr/si8374.png"/> 
<file href="dr/si8499.png"/> 
<file href="dr/si8499d.png"/> 
<file href="dr/si8499o.png"/> 
<file href="index_SCORM.html"/> 
<file href="project.json"/> 
<file href="Utilities.js"/> 
            </resource>
	</resources>
</manifest>
